{"flux": [0.0004594025667756796, 0.00046332727652043104, 0.0005685638752765954, 0.0004908805713057518, 0.0003741726977750659, 0.00043133366852998734, 0.0003778165264520794, 0.0004987652646377683, 0.00037739676190540195, 0.0004080116341356188, 0.00035031684092245996, 0.0003651437000371516, 0.0003314069181215018, 0.0002881899126805365, 0.0003881981538143009, 0.0006026481278240681, 0.00040533204446546733, 0.00035175506491214037, 0.00029028914286755025, 0.00028592051239684224, 0.00031260497053153813, 0.0003109618555754423, 0.00034441781463101506, 0.0002859114611055702, 0.0002781918446999043, 0.00030116699053905904, 0.00023311311088036746, 0.0003061676979996264, 0.0002053428761428222, 0.00030831372714601457, 0.0002953325165435672, 0.0003668191493488848], "flux_err": [9.749035989152616e-05, 7.343129571290774e-05, 7.4845831503535e-05, 5.5012417829675536e-05, 4.922516779952275e-05, 7.814629006170434e-05, 6.936218224545883e-05, 6.80684288710836e-05, 8.108230121188171e-05, 6.704803464999713e-05, 6.768304998840904e-05, 7.550840308858823e-05, 6.588985649887035e-05, 6.260918494658654e-05, 8.798838730908755e-05, 9.41938002806637e-05, 7.534090342232957e-05, 8.604817997620557e-05, 6.683066850619071e-05, 6.365715193242067e-05, 5.944480254852351e-05, 6.979916841182785e-05, 6.518245949264383e-05, 6.5965949009842e-05, 5.916898691684764e-05, 5.9317086235751045e-05, 6.159104797529835e-05, 6.226337468201563e-05, 6.28920386399841e-05, 6.857839034578318e-05, 6.47911435306014e-05, 8.391472689576176e-05], "freq": [4039320852.5097275, 4167331020.6324654, 4295341188.755203, 4423351356.877939, 4551361525.000677, 4679371693.123415, 4807381861.246153, 4935392029.368889, 5063402197.491628, 5191412365.614365, 5319422533.737102, 5447432701.85984, 5575442869.982577, 5703453038.105314, 5831463206.228052, 5959473374.350789, 6039479729.427501, 6167489897.550238, 6295500065.672976, 6423510233.7957115, 6551520401.91845, 6679530570.041187, 6807540738.163925, 6935550906.286662, 7063561074.409399, 7191571242.532137, 7319581410.654874, 7447591578.777612, 7575601746.90035, 7703611915.023087, 7831622083.145824, 7959632251.268562]}