{"flux": [0.0003709747106768191, 0.00034188060089945793, 0.00037339923437684774, 0.00030279665952548385, 0.00034710520412772894, 0.0004432422574609518, 0.00027375880745239556, 0.0003111138357780874, 0.0003296275972388685, 0.00036131657543592155, 0.0002943978470284492, 0.00028422335162758827, 0.0003093324485234916, 0.00024459362612105906, 0.0002797222405206412, 0.00043274485506117344, 0.0003032474487554282, 0.0003099100722465664, 0.00029340735636651516, 0.00030457504908554256, 0.00026457139756530523, 0.00024125445634126663, 0.00025817396817728877, 0.0002600805601105094, 0.00027609712560661137, 0.0002991245419252664, 0.00027931403019465506, 0.0003249654546380043, 0.00034654096816666424, 0.0003044533950742334, 0.00032352388370782137, 0.0003746588481590152, 0.00033505840110592544, 0.0003503108164295554, 0.00023024533584248275, 0.00021003666915930808, 0.0002123641752405092, 0.00023334127035923302, 0.00022796077246312052, 0.00026910818996839225, 0.00027404126012697816, 0.00022825457563158125, 0.0002060464321402833, 0.0002932701027020812, 0.00020278542069718242, 0.00022572236775886267, 0.00022446834191214293, 0.00030526271439157426, 0.000300385057926178, 0.00027382822008803487, 0.0003073067346122116, 0.00029252059175632894, 0.00023381684150081128, 0.00029165478190407157, 0.00021212596038822085, 0.000270861346507445, 0.00026219189749099314, 0.0003051153616979718, 0.00036490109050646424, 0.00031240005046129227, 0.00036763903335668147, 0.0004174059722572565, 0.00036636905861087143, 0.00038805429358035326], "flux_err": [0.0001192931869329186, 0.0001044143259960947, 0.00010939343988259651, 9.484778818118684e-05, 9.779816940967975e-05, 0.00010987994354991314, 9.681815454232491e-05, 9.688360737018228e-05, 0.00011129372287869045, 9.55989652484277e-05, 0.0001012073949787009, 8.829523574313498e-05, 9.486927891175582e-05, 9.26649706556418e-05, 9.331697132683984e-05, 0.00010868971420459274, 0.0001005773921692196, 9.014347295669722e-05, 9.243572698205753e-05, 8.959294672094984e-05, 8.315698952774254e-05, 8.26013291948584e-05, 7.29898249649409e-05, 8.34372903309486e-05, 8.09711437950682e-05, 8.667129452464905e-05, 8.298531583714065e-05, 9.403338856754999e-05, 8.380689880441423e-05, 9.494960005795291e-05, 0.00011074643014653701, 0.0001264475684853096, 0.0001050249788131623, 9.271714629703638e-05, 8.339558244952059e-05, 7.035958865617431e-05, 7.327338834697911e-05, 7.960903344005601e-05, 7.443742233535886e-05, 7.354431360786293e-05, 7.102232879333313e-05, 7.697479157477574e-05, 7.614878512604263e-05, 7.281283084284951e-05, 6.653240813902811e-05, 7.791544885126313e-05, 6.586500703049296e-05, 8.612498310285446e-05, 9.231506727173836e-05, 9.18017573409088e-05, 8.575980350451572e-05, 8.078362418391407e-05, 7.708060656404995e-05, 8.997296092720716e-05, 8.494871433850903e-05, 9.716286315033357e-05, 9.125481384871819e-05, 0.00010156061277120897, 0.00010259887081865599, 9.938438259905524e-05, 9.709874997461156e-05, 0.000105067489002613, 0.00011934069502940474, 0.00013456238285853032], "freq": [22040780397.647026, 22168790737.992508, 22296801078.337994, 22424811418.68347, 22552821759.028957, 22680832099.374443, 22808842439.719925, 22936852780.06541, 23064863120.410896, 23192873460.75638, 23320883801.10186, 23448894141.447342, 23576904481.792824, 23704914822.13831, 23832925162.48379, 23960935502.829277, 24040941965.545204, 24168952305.89069, 24296962646.236168, 24424972986.58165, 24552983326.92714, 24680993667.27262, 24809004007.618103, 24937014347.96359, 25065024688.30907, 25193035028.654552, 25321045369.00004, 25449055709.34552, 25577066049.691, 25705076390.036484, 25833086730.38197, 25961097070.727455, 18040457261.850674, 18168467602.196156, 18296477942.541637, 18424488282.887123, 18552498623.232605, 18680508963.578087, 18808519303.923576, 18936529644.269054, 19064539984.614536, 19192550324.960022, 19320560665.305504, 19448571005.65099, 19576581345.996475, 19704591686.341957, 19832602026.68744, 19960612367.032925, 20040618829.748848, 20168629170.09433, 20296639510.43982, 20424649850.7853, 20552660191.130783, 20680670531.476265, 20808680871.821747, 20936691212.167233, 21064701552.51272, 21192711892.8582, 21320722233.203682, 21448732573.549164, 21576742913.89465, 21704753254.24013, 21832763594.585617, 21960773934.9311]}