{"flux": [0.0009340251563116908, 0.0007639668183401227, 0.0, 0.0007163676200434566, 0.0006651500589214265, 0.0006662507657893002, 0.0006129457033239305, 0.0005592653760686517, 0.0005752401775680482, 0.0005453868070617318, 0.0005075439112260938, 0.0005973766674287617, 0.0005220675375312567, 0.000467804231448099, 0.0004066396504640579, 0.00046874250983819366], "flux_err": [8.94513467712386e-05, 8.684542233390857e-05, 0.0, 5.727826075140001e-05, 4.8444651541467465e-05, 5.389884126252582e-05, 5.305606118245123e-05, 5.4205788805211335e-05, 4.7334133520826066e-05, 4.336234136494568e-05, 3.9036835030606195e-05, 3.946695379426046e-05, 3.66880632930588e-05, 3.844406812022498e-05, 3.928465601161406e-05, 4.610328261239829e-05], "freq": [2051162849.1175184, 2179173012.209762, 2307183175.302006, 2435193338.39425, 2563203501.4864936, 2691213664.578738, 2819223827.6709814, 2947233990.7632256, 3051242248.2756734, 3179252411.367917, 3307262574.460161, 3435272737.552405, 3563282900.6446486, 3691293063.7368927, 3819303226.8291364, 3947313389.92138]}