{"flux": [0.0002552467049099505, 0.00023579681874252856, 0.00026121403789147735, 0.00022076244931668043, 0.00019728948245756328, 0.0002330125862499699, 0.0002947203174699098, 0.00020572978246491402, 0.0002305961970705539, 0.0002101807331200689, 0.00030034291557967663, 0.0003003545862156898, 0.0002857198123820126, 0.00020591107022482902, 0.00017730552644934505, 0.0002196355490013957, 0.00025761715369299054, 0.00022183352848514915, 0.0002966052561532706, 0.00021209986880421638, 0.0002421311364741996, 0.0002416746283415705, 0.00024001764541026205, 0.00025547933182679117, 0.00021006599126849324, 0.00024781207321211696, 0.00025056616868823767, 0.00020732343546114862, 0.00023961848637554795, 0.000268673145910725, 0.0003610267594922334, 0.0002991140936501324], "flux_err": [8.421765624052568e-05, 7.582937551487703e-05, 7.567480935733783e-05, 6.79775543404503e-05, 6.564397909219223e-05, 6.715599968993046e-05, 6.279654915269929e-05, 6.917569501595153e-05, 6.901851596367122e-05, 6.127322646207176e-05, 8.447935900439915e-05, 6.63457818540337e-05, 6.967668968718498e-05, 6.64757001315138e-05, 6.35328690260394e-05, 7.344028678787708e-05, 7.98624249838781e-05, 6.562364260644244e-05, 6.434212746335106e-05, 6.48952170395205e-05, 6.251897012889458e-05, 7.100033274355155e-05, 7.698392507627431e-05, 7.029084636542393e-05, 6.443727714959095e-05, 7.141425415551338e-05, 6.770389920966408e-05, 8.185154099696774e-05, 8.206174401339012e-05, 8.785010985848202e-05, 8.893235697155432e-05, 9.054544781679396e-05], "freq": [8039638816.4116535, 8167648987.878883, 8295659159.346111, 8423669330.813339, 8551679502.280568, 8679689673.747797, 8807699845.215027, 8935710016.682255, 9063720188.149483, 9191730359.61671, 9319740531.08394, 9447750702.551167, 9575760874.018396, 9703771045.485622, 9831781216.952854, 9959791388.42008, 10039797745.5871, 10167807917.054329, 10295818088.521555, 10423828259.988785, 10551838431.456013, 10679848602.92324, 10807858774.390469, 10935868945.857698, 11063879117.324926, 11191889288.792156, 11319899460.259384, 11447909631.726612, 11575919803.19384, 11703929974.661068, 11831940146.128296, 11959950317.595526]}