{"flux": [0.001937482738867402, 0.0020152051001787186, 0.0018932815873995423, 0.0020371798891574144, 0.0019348057685419917, 0.001800697180442512, 0.0018454646924510598, 0.002000473439693451, 0.0017935887444764376, 0.001988013042137027, 0.0019055637530982494, 0.0018424359150230885, 0.0019068188266828656, 0.0018616801826283336, 0.0, 0.0017958813114091754, 0.0016009282553568482, 0.0018528300570324063, 0.0015437680995091796, 0.001644836156629026, 0.0017476723296567798, 0.0017126031452789903, 0.0016122240340337157, 0.0015887162880972028, 0.00149387470446527, 0.0014787591062486172, 0.0014770266134291887, 0.0014369345735758543, 0.0016062913928180933, 0.0013384700287133455, 0.0015256390906870365, 0.0015286102425307035], "flux_err": [0.000360061601299094, 0.00027203431418665786, 0.0002357589055522112, 0.00024324635145894717, 0.0002209826517209876, 0.00024548692403768654, 0.0001894054368356592, 0.00021716370868234662, 0.00019747023168602027, 0.0001970445526691037, 0.00021236310469648743, 0.0001662334327236749, 0.00020872577992267906, 0.00022996500108492907, 0.0, 0.0002341423587145982, 0.00024156871594459517, 0.00022755336834525222, 0.0001694144019973464, 0.00018346529386471957, 0.00023176598437858045, 0.00017706962804104478, 0.00018110765578076098, 0.00016953417916884062, 0.00016026314184891817, 0.0001663100767371361, 0.000156994781679532, 0.0001599184002046968, 0.0001713363800829029, 0.00013511816387472208, 0.00016448628901780465, 0.00017471701348404167], "freq": [4038962179.227746, 4166960980.633686, 4294959782.039627, 4422958583.445567, 4550957384.851507, 4678956186.257448, 4806954987.663389, 4934953789.069328, 5062952590.475269, 5190951391.881209, 5318950193.287149, 5446948994.69309, 5574947796.099031, 5702946597.504971, 5830945398.910912, 5958944200.316851, 6038943451.195565, 6166942252.601505, 6294941054.007445, 6422939855.413385, 6550938656.819326, 6678937458.225266, 6806936259.6312065, 6934935061.0371475, 7062933862.443089, 7190932663.849029, 7318931465.254969, 7446930266.66091, 7574929068.066849, 7702927869.47279, 7830926670.87873, 7958925472.284705]}