{"freq": [1519486000.0], "flux": [0.000815], "flux_err": [0.000118]}