{"flux": [7.195621583377942e-05, 0.0011458987137302756, 0.0013234009966254234, 0.0009940291056409478, 0.003381351474672556, 0.0024559330195188522, 0.00036455068038776517, 0.0004334929399192333, 0.0, 0.0034654303453862667, 0.0022008344531059265, 0.0012078180443495512, 0.0012071483070030808, 0.0010136812925338745, 0.0011344291269779205, 0.0011712373234331608], "flux_err": [0.0003253848938795272, 0.00045076403618732, 0.0005559718886413975, 0.0004949774001674086, 0.0010188687732908875, 0.0009440895016654394, 0.00034343456444330513, 0.00019346405287797095, 0.0, 0.000677529195556417, 0.0007660241749836131, 0.00023690993574564345, 0.0003945432305568829, 0.00028636495737737274, 0.0002520954233019438, 0.00023438057542807654], "freq": [1039490178.6671119, 1103489573.96985, 1167488969.2725883, 1231488364.5753264, 1295487759.8780649, 1359487155.1808033, 1423486550.4835415, 1487485945.7862797, 1551485341.0890179, 1615484736.391756, 1679484131.6944945, 1743483526.9972324, 1807482922.2999709, 1871482317.6027093, 1935481712.9054475, 1999481108.2081943]}