{"flux": [0.001208426197990775, 0.0012775071663782, 0.0012385341105982661, 0.0011874622432515025, 0.0010690148919820786, 0.0012429894413799047, 0.001386504853144288, 0.0015602880157530308, 0.0015866216272115707, 0.0013562861131504178, 0.001749109593220055, 0.001731323660351336, 0.0017215601401403546, 0.0017416109330952168, 0.001795768504962325, 0.001767813810147345], "flux_err": [0.0001835954754205886, 0.00023370972186676224, 0.00019041694903498864, 0.00015371235212878674, 0.00014379203322023386, 0.00014236641479155877, 0.00018243369025440186, 0.00016868791815068107, 0.00017686637914739547, 0.000135944128522533, 0.00017117938256124034, 0.00017114445047445768, 0.00017672634336122426, 0.00016967814154486403, 0.00018469962925082655, 0.00017767641090176765], "freq": [2050980709.3254404, 2178979505.389859, 2306978301.4542775, 2434977097.5186963, 2562975893.5831146, 2690974689.6475334, 2818973485.711952, 2946972281.77637, 3050971303.5787106, 3178970099.6431293, 3306968895.707547, 3434967691.7719665, 3562966487.836385, 3690965283.9008036, 3818964079.9652224, 3946962876.0296574]}