{"flux": [0.0014780538622289896, 0.0012760006356984377, 0.001455133780837059, 0.001545431325212121, 0.001354922540485859, 0.0013038946781307459, 0.0013346198247745633, 0.0011995729291811585, 0.0012698816135525703, 0.0010838545858860016, 0.0011703306809067726, 0.0012075590202584863, 0.000996734481304884, 0.0010762353194877505, 0.0011285943910479546, 0.0010501483920961618, 0.0011207638308405876, 0.0009908522479236126, 0.0009383212891407311, 0.001002066652290523, 0.0009422800503671169, 0.0009435974061489105, 0.0007396427099592984, 0.0009422884904779494, 0.0009049451909959316, 0.001008897554129362, 0.001065578544512391, 0.0007401767070405185, 0.0008506455342285335, 0.000942784536164254, 0.0007499160710722208, 0.0009068005601875484], "flux_err": [0.00017124188437883276, 0.0001514174005955283, 0.00017112028414776432, 0.00016063854379535768, 0.0001789485774708737, 0.00014319549360807286, 0.000165026195122482, 0.00015084094700068817, 0.00014022280080025666, 0.00010667116924669243, 0.00014507250064343678, 0.00013047014943585964, 0.00010817512867142795, 9.822647143446374e-05, 0.00010996513045829488, 0.00012322316940189922, 0.00017474515764042734, 0.00013412268704851156, 0.00012145174340548692, 0.00012751334097847576, 0.0001274997974796861, 0.00013505166534960152, 9.366394122989731e-05, 0.00014543242546133115, 0.00011694622696195437, 0.00012382906972379715, 0.0001302131828176016, 0.00010303547504595371, 0.00011608526820018596, 0.0001346522103434836, 0.00011414341040508589, 0.0001526391930081445], "freq": [8038925037.356279, 8166923843.765445, 8294922650.17461, 8422921456.583776, 8550920262.992941, 8678919069.402107, 8806917875.811275, 8934916682.22044, 9062915488.629606, 9190914295.038773, 9318913101.447937, 9446911907.857105, 9574910714.26627, 9702909520.675436, 9830908327.084602, 9958907133.49377, 10038906387.499496, 10166905193.908663, 10294904000.31783, 10422902806.726995, 10550901613.136162, 10678900419.545326, 10806899225.954493, 10934898032.363659, 11062896838.772825, 11190895645.181992, 11318894451.591158, 11446893258.000324, 11574892064.409489, 11702890870.818655, 11830889677.227821, 11958888483.63704]}